Company,First_Name,Last_Name,Email,Domain,License
Chakala TOURS AND SAFARIS,,,chakalasafaris@gmail.com,,UTB/RTT/TO/2026/102217
"DEEPER DIVING RETREATS, SUMMITS & ADVENTURES",,,emmanduwaayo2002@gmail.com,,UTB/RTT/TO/2026/102407
ENSHAMA SAFARIS,,,support@enshamasafaris.com,enshamasafaris.com,UTB/RTT/TO/2025/101745
FAASA TRAVEL,,,faasa605@gmail.com,,UTB/RTT/TO/2026/102370
AFRICAN FLY IN SAFARIS,,,africaflyinsafaris@gmail.com,,UTB/RTT/TO/2026/102384
GABITEX SAFARIS,,,gabitexsafaris@gmail.com,,UTB/RTT/TO/2026/102346
BLUFF LODGE & ADVENTURES,,,info@gorillablufflodge.com,gorillablufflodge.com,UTB/RTT/TO/2026/102389
GORILLAND TRAVELCARE LIMITED,,,info@gorillandtravelcare.com,gorillandtravelcare.com,UTB/RTT/TO/2026/102283
Gorilla Walking Safaris,,,reservations@gorillawalkingsafaris.com,gorillawalkingsafaris.com,UTB/RTT/TO/2019/00296
GORILLAS88,,,muhumuzatom57@gmail.com,,UTB/RTT/TO/2025/102053
JAHNEL TRAVEL SOLUTIONS,,,jahneltravel@gmail.com,,UTB/RTT/TO/2025/102143
KENZI SAFARIS,,,info@kenzisafaris.com,kenzisafaris.com,UTB/RTT/TO/2026/102327
KHOKELO SAFARIS UGANDA,,,info@khokelosafaris.nl,khokelosafaris.nl,UTB/RTT/TO/2026/102349
MITANO ADVENTURES,,,garysimo3@gmail.com,,UTB/RTT/TO/2026/102319
MODEST TOURS AND TRAVEL,,,toursandtravelsmodest@gmail.com,,UTB/RTT/TO/2026/102300
MOSBURG TOURS AND TRAVEL,,,mosburgttadm@gmail.com,,UTB/RTT/TO/2026/102243
NASEEM JEDDAH SAFARI EAST AFRICA,,,info@naseemsafari.com,naseemsafari.com,UTB/RTT/TO/2026/102302
ORIKA AFRICA TOURS,,,orikaafricatours@gmail.com,,UTB/RTT/TO/2025/101915
SAVANNAH WILD 24 SAFARIS,,,katson.robert76@gmail.com,,UTB/RTT/TO/2026/102307
SIMSO SAFARIS UG,,,ngabiranochris2@gmail.com,,UTB/RTT/TO/2026/102273
THAYEN SAFARIS,,,kizitoisaiah8@gmail.com,,UTB/RTT/TO/2025/102147
T&E (U) Ltd,,,trotsandsafaris@gmail.com,,UTB/RTT/TO/2023/100828
TWD Travels,,,info@twdtravels.com,twdtravels.com,UTB/RTT/TO/2026/102305
VILLAGE WEAVER TOURS AND TRAVEL,,,Lynetteonen903@gmail.com,,UTB/RTT/TO/2026/102226
Wano routes,,,info@wanoroutes.com,wanoroutes.com,UTB/RTT/TO/2025/102044
WAZALENDO AFRICA TRAVEL AGENCY,,,info@wazalendotours.com,wazalendotours.com,UTB/RTT/TO/2026/102260
ACTIVENTURE SAFARIS,,,tours@activenturesafrica.com,activenturesafrica.com,UTB/RTT/TO/2025/101996
AKAANA WILD TOURS,,,akaanawildtours@gmail.com,,UTB/RTT/TO/2026/102176
AL-HIBA TOURS & TRAVEL AGENCIES,,,alhibaagencies@gmail.com,,UTB/RTT/TO/2026/102246
Bulamu safaris,,,bulamusafaris@gmail.com,,UTB/RTT/TO/2026/102329
C & C TOURS AND ADVENTURES,,,canctours06@gmail.com,,UTB/RTT/TO/2025/102127
ENO NERI ADVENTURE COMPANY LIMITED,,,info@enoneriadventure.com,enoneriadventure.com,UTB/RTT/TO/2026/102225
Foreshore Adventures,,,edwinkirabo@icloud.com,,UTB/RTT/TO/2025/102140
FRESH WATERS TOURS&TRAVELS UGANDA,,,freshwaterstours@gmail.com,,UTB/RTT/TO/2025/101663
Gorilla Uganda Bookings Limited,,,info@gorillabookings.com,gorillabookings.com,UTB/RTT/TO/2020/00315
GUBA SAFARIS LTD,,,info@gubasafaris.com,gubasafaris.com,UTB/RTT/TO/2025/102029
Hemba Africa Safaris ltd,,,senyondo311@gmail.com,,UTB/RTT/TO/2025/102062
JOJEKAN TOURS AND TRAVEL,,,jojekantt@gmail.com,,UTB/RTT/TO/2025/101618
KASINGYE ADVENTURE,,,kasingyeadventure@gmail.com,,UTB/RTT/TO/2026/102186
KENTUREGYE SAFARIS LIMITED,,,info@kenturegyeasafaris.com,kenturegyeasafaris.com,UTB/RTT/TO/2026/102352
LUSWATA TOURS AND TRAVEL,,,luswataremmykasekende@gmail.com,,UTB/RTT/TO/2026/102285
MALLARD TOURS AND SAFARIS,,,rebeccatusingwire@mallardtoursandsafaris.com,mallardtoursandsafaris.com,UTB/RTT/TO/2026/102333
MEXY VOYAGE SAFARIS,,,mexyvoyage5@gmail.com,,UTB/RTT/TO/2026/102254
ML Afrika Safaris and tours Uganda limited,,,info@mlafrikasafaris.com,mlafrikasafaris.com,UTB/RTT/TO/2025/102110
MR.MOTIVATOR TIMES TOURS & TRAVEL,,,info@motivatortimes.com,motivatortimes.com,UTB/RTT/TO/2025/101552
NGEYE TOURS AND TRAVEL,,,ngeyetours@gmail.com,,UTB/RTT/TO/2023/100844
Nturo Safaris,,,info@nturosafaris.com,nturosafaris.com,UTB/RTT/TO/2025/102083
OUT IN THE WIL D SAFARIS LIMITED,,,outinthewildsafaris@gmail.com,,UTB/RTT/TO/2025/102054
PANGEA CONNECT EAST AFRICA,,,connect@pceal.com,pceal.com,UTB/RTT/TO/2026/102205
PEKU ADVENTURES LTD,,,tukahirwaprossy@gmail.com,,UTB/RTT/TO/2026/102212
People Link Safaris Ltd,,,peoplelinksafaris@gmail.com,,UTB/RTT/TO/2026/102401
Phinok Safaris Africa Limited,,,info@phinoksafarisafrica.com,phinoksafarisafrica.com,UTB/RTT/TO/2025/102164
RUKU SAFARIS AND ADVENTURES LIMITED,,,derrickakolagye@gmail.com,,UTB/RTT/TO/2026/102372
4WD Africa,,,info@selfdriveuganda.com,selfdriveuganda.com,UTB/RTT/TO/2026/102279
Tata Africa Safaris,,,tataafricasafaris@gmail.com,,UTB/RTT/TO/2026/102182
Tembea Safaris,,,juniormnga@gmail.com,,UTB/RTT/TO/2026/102232
Gofly Tours & Travel,,,goflytraveluganda@gmail.com,,UTB/RTT/TO/2026/102326
Trek Safaris (Uganda)Ltd,,,info@treksafarisug.com,treksafarisug.com,UTB/RTT/TO/2023/100780
GODWINSON SAFARIS,,,operations@villagegardenchicken.com,villagegardenchicken.com,UTB/RTT/TO/2025/101986
WAGWAN TOURS UGANDA LIMITED,,,info@wagwantours.com,wagwantours.com,UTB/RTT/TO/2026/102301
WILDPULSE ADVENTURES,,,info@wildpulseadventures.com,wildpulseadventures.com,UTB/RTT/TO/2025/101551
CYCAD VILLAGE UGANDA,,,cycadvillageuganda@gmail.com,,UTB/RTT/TO/2022/100355
Adventure Vacations Safaris,,,adventurevacationsafaris@gmail.com,,UTB/RTT/TO/2019/0036
Afoyo African Safaris,,,afoyoafricansafaris@gmail.com,,UTB/RTT/TO/2026/102198
AFRICAN EXPERT SAFARIS,,,Victorafricanexpertsafaris@gmail.com,,UTB/RTT/TO/2022/100320
African Finfoot Safaris,,,info@africanfinfootsafaris.com,africanfinfootsafaris.com,UTB/RTT/TO/2024/101001
Four Crane Safaris,,,fourcranesafaris@gmail.com,,UTB/RTT/TO/2024/101045
Alakara Travels Limited.,,,post@alakaratravels.com,alakaratravels.com,UTB/RTT/TO/2025/101608
Alkebulan Safari Limited,,,info.alkebulansafaris@gmail.com,,UTB/RTT/TO/2025/101958
BEVERLY SAFARIS & EXPEDITIONS AFRICA,,,info@beverlysafaris.com,beverlysafaris.com,UTB/RTT/TO/2025/102017
Brythos Africa,,,info@brythosafricatours.com,brythosafricatours.com,UTB/RTT/TO/2025/101955
Bush Wander Experience Ltd,,,bushwander@gmail.com,,UTB/RTT/TO/2025/101720
Discovery Journeys Limited,,,info@discovery-journeys.com,discovery-journeys.com,UTB/RTT/TO/2023/100814
Escosphere Safaris,,,ecospheresafaris@gmail.com,,UTB/RTT/TO/2026/102177
Ellington Safaris,,,info@ellingtonsafaris.com,ellingtonsafaris.com,UTB/RTT/TO/2022/100299
Evolet Travel Africa Ltd,,,evolettravelafrica@outlook.com,,UTB/RTT/TO/2025/101610
Explore Wildlife Africa,,,tours@explorewildlifeafrica.com,explorewildlifeafrica.com,UTB/RTT/TO/2025/101843
Forever Africa Safari,,,info@foreverafricasafari.com,foreverafricasafari.com,UTB/RTT/TO/2024/101197
GENZ AFRICA WILD SAFARIS,,,genzafricawildsafaris@gmail.com,,UTB/RTT/TO/2025/102132
GOLDEN TUSK JOURNEYS,,,info@goldentuskjourneys.com,goldentuskjourneys.com,UTB/RTT/TO/2026/102247
SANA GORILA RAFTING UGANDA,,,GORILLARAFTING@GMAIL.COM,,UTB/RTT/TO/2025/101574
Arrive Africa Safaris LTD,,,info@gorillasafariholidays.com,gorillasafariholidays.com,UTB/RTT/TO/2023/100932
GUINEA FOWL AFRICA SAFARIS LIMITED,,,guineafowlsafaris@gmail.com,,UTB/RTT/TO/2025/101891
HAYAT SAFARIS LIMITED,,,hayatsafarisltd@gmail.com,,UTB/RTT/TO/2025/101964
Namib Safaris Company,,,namibsafarisug@gmail.com,,UTB/RTT/TO/2025/102139
INBETWEEN UGANDA SAFARIS,,,inbetweenugandasafaris@gmail.com,,UTB/RTT/TO/2026/102373
Safari Lux Travel,,,Sophie198505@gmail.com,,UTB/RTT/TO/2024/101508
JETULIFE ADVENTURE SAFARI,,,jetulifeadventuresafari@gmail.com,,UTB/RTT/TO/2026/102321
JJERE SAFARIS & EXECUTIVE TRAVELS,,,dssembuuze2@gmail.com,,UTB/RTT/TO/2024/101173
JOURNEY CRAFT UGANDA SAFARIS,,,journeycraftugandasafaris@gmail.com,,UTB/RTT/TO/2026/102208
Joyride Tours and Travel,,,info@jungleexperiencesafaris.com,jungleexperiencesafaris.com,UTB/RTT/TO/2023/100660
KALINJU TOUR & TRAVEL,,,byamukamainnocent@gmail.com,,UTB/RTT/TO/2026/102374
KEDRACE TOURS & TRAVEL,,,kanyesigyekedrace@gmail.com,,UTB/RTT/TO/2026/102406
Khatha Travel and Safaris,,,bookings@khathasafaris.com,khathasafaris.com,UTB/RTT/TO/2025/102027
kimed eco tours,,,info@kimedecotours.com,kimedecotours.com,UTB/RTT/TO/2024/101254
Meanda Uganda,,,nick.brant@meandauganda.com,meandauganda.com,UTB/RTT/TO/2023/100694
MERANGORILLA TOURS AND LUXURY SAFARIS LIMITED,,,merangorillaluxurysafaris@gmail.com,,UTB/RTT/TO/2026/102238
MIZIZI AFRICA TOURS,,,david504david@gmail.com,,UTB/RTT/TO/2026/102297
MONTEERO SAFARIS,,,monteerosafaris@gmail.com,,UTB/RTT/TO/2022/100546
NDEGE SAFARIS,,,ndegesafari@gmail.com,,UTB/RTT/TO/2026/102348
NOK AFRICA WONDERS,,,noksafarisafrica@gmail.com,,UTB/RTT/TO/2026/102320
Northern Nature Safaris Limited,,,northernnaturesafaris@gmail.com,,UTB/RTT/TO/2019/00187
Euro World Africa Tours Limited,,,account.kla@euro-world.in,euro-world.in,UTB/RTT/TO/2023/100791
OCHE WILD ESCAPE COMPANY,,,ochewildescapecompanylimited@gmail.com,,UTB/RTT/TO/2025/102042
OKRA SAFARIS,,,info@okrasafaris.com,okrasafaris.com,UTB/RTT/TO/2024/101118
OLIVE SAFARIS UGANDA,,,info@olivesafari.com,olivesafari.com,UTB/RTT/TO/2026/102240
One Nature tours,,,aatif.a@haliburg.com,haliburg.com,UTB/RTT/TO/2025/101938
Outdoorsy Uganda,,,info@outdoorsyuganda.com,outdoorsyuganda.com,UTB/RTT/TO/2025/101858
Pakasa Tours and Safaris SMC limited,,,info@pakasatoursandsafaris.com,pakasatoursandsafaris.com,UTB/RTT/TO/2024/101007
HOOVES OF AFRICA SAFARIS,,,info@photosafarisuganda.com,photosafarisuganda.com,UTB/RTT/TO/2024/101063
PRIVATE LABEL BUSINESS EVENTS LIMITED,,,keruweka@plbe.info,plbe.info,UTB/RTT/TO/2026/102335
Quaint Africa Safaris,,,quaintafricasafaris@gmail.com,,UTB/RTT/TO/2024/100949
QUEEN OF EAST AFRICA LUXURY TOURS,,,dianah@qeensafaris.com,qeensafaris.com,UTB/RTT/TO/2026/102282
Red Chilli Hideaway Ltd,,,reservations@redchillihideaway.com,redchillihideaway.com,UTB/RTT/TO/2021/00399
SAFARI 62,,,director@safari62.com,safari62.com,UTB/RTT/TO/2025/102135
SPA EXPLORERS LIMITED,,,keruweka@safaripartners-africa.com,safaripartners-africa.com,UTB/RTT/TO/2026/102334
SPARKLE TOURS AND TRAVEL,,,sparkletoursandtravel@gmail.com,,UTB/RTT/TO/2024/101381
SPECTACULAR SAFARIS UGANDA,,,spectacularsafarisuganda@gmail.com,,UTB/RTT/TO/2024/101355
Sunseekers Tours & Travel,,,info@sunseekerstours.com,sunseekerstours.com,UTB/RTT/TO/2021/001055
Trek Rwenzori Tours Ltd,,,trekrwenzori@gmail.com,,UTB/RTT/TO/2020/00593
Trumpet adventure safaris ltd,,,trumpetadventures6@gmail.com,,UTB/RTT/TO/2022/100323
Gorilla Fist Vacations,,,info@ugandagorillavacations.com,ugandagorillavacations.com,UTB/RTT/TO/2025/101892
WONDER WHEELS TOURS AND TRAVEL UGANDA,,,info@ugandatoursandtravel.com,ugandatoursandtravel.com,UTB/RTT/TO/2025/102006
USOKE EXPLORERS,,,usokeexplorers@gmail.com,,UTB/RTT/TO/2024/101174
VELD AND VENTURES SAFARIS,,,veldnventuresafaris@gmail.com,,UTB/RTT/TO/2026/102345
Elephant Whispers Safaris,,,elephantwhisperssafaris@gmail.com,,UTB/RTT/TO/2024/101140
WILD AND CLASSIC SAFARI,,,info@wildandclassicsafaris.com,wildandclassicsafaris.com,UTB/RTT/TO/2025/101853
Wild Uganda,,,wildugandasafari@gmail.com,,UTB/RTT/TO/2025/101831
KIBALE FOREST ADVENTURES,,,alexkwasa@gmail.com,,UTB/RTT/TO/2024/101437
Kuzora Safaris Limited,,,kuzorasafaritours@gmail.com,,UTB/RTT/TO/2025/101852
4X4 Adventures Uganda,,,info@4x4adventures.com,4x4adventures.com,UTB/RTT/TO/2025/101849
56AFRICA TOURS,,,info@56africatours.com,56africatours.com,UTB/RTT/TO/2024/101476
Able Safaris,,,info@ablesafaris.com,ablesafaris.com,UTB/RTT/TO/2021/00586
About Africa Limited,,,amanda@about-africa.com,about-africa.com,UTB/RTT/TO/2019/0025
Abunda Discoveries Uganda,,,abundadiscoveriesuganda1@gmail.com,,UTB/RTT/TO/2024/101086
ACP Safaris,,,operation.acp@gmail.com,,UTB/RTT/TO/2024/101192
ADIRA SAFARIS LIMITED,,,reservationsadirasafaris@gmail.com,,UTB/RTT/TO/2026/102181
Adroa Travels - SMC limited,,,info@adroa-travels.com,adroa-travels.com,UTB/RTT/TO/2022/100345
ADVENTURE CONSULTS,,,sales@adventureconsults.com,adventureconsults.com,UTB/RTT/TO/2020/00694
Simba African Expeditions Limited,,,info@africa-expeditions.com,africa-expeditions.com,UTB/RTT/TO/2020/00374
Africa Adventure Vacations,,,info@africaadventurevacations.com,africaadventurevacations.com,UTB/RTT/TO/2021/100023
Africa Beyond Borders,,,info@africabeyondborders.com,africabeyondborders.com,UTB/RTT/TO/2022/100249
Africa Moja Safaris Limited,,,info@africamojasafaris.com,africamojasafaris.com,UTB/RTT/TO/2025/101609
AFRICAN ANIMALS TOURS AND TRAVEL,,,africananimalstoursandtravel@gmail.com,,UTB/RTT/TO/2025/101859
Africa Nature Holidays Limited,,,info@africanatureholidays.com,africanatureholidays.com,UTB/RTT/TO/2022/100331
African Dawn Safaris,,,africandawnsafari@gmail.com,,UTB/RTT/TO/2019/00321
African Escapades,,,africanescapades@outlook.com,,UTB/RTT/TO/2024/100948
African Moments Safaris,,,africanmomentssafaris@gmail.com,,UTB/RTT/TO/2022/100590
African Safari Trails,,,info@africansafaritrails.com,africansafaritrails.com,UTB/RTT/TO/2023/100718
African White Rhino Safaris.,,,dan.lule2016@gmail.com,,UTB/RTT/TO/2021/00403
African Pearl Safaris,,,info@africanpearlsafaris.com,africanpearlsafaris.com,UTB/RTT/TO/2022/100376
ROSAMY AFRICA SAFARIS TOURS & TRAVEL LTD,,,info@africasafaristours.com,africasafaristours.com,UTB/RTT/TO/2025/101959
Sights and Sounds of Africa Safaris Limited,,,africasightsandsounds@gmail.com,,UTB/RTT/TO/2019/00108
Afrigaze Uganda Safaris,,,info@afrigazeugandasafaris.com,afrigazeugandasafaris.com,UTB/RTT/TO/2025/101743
Ajuna Tours and Travel,,,ajunatransporters2005@gmail.com,,UTB/RTT/TO/2022/100159
ALBOYD TOURS AND TRAVEL,,,alboydtoursandtravel@gmail.com,,UTB/RTT/TO/2022/100486
Albrieux Africa Tours (Uganda) Limited,,,info@albrieuxafricatours.com,albrieuxafricatours.com,UTB/RTT/TO/2019/00455
ALIVE AFRICA ADVENTURES,,,aliveafricaadventures@gmail.com,,UTB/RTT/TO/2024/101075
ALLIED CAR HIRE AND TRANSPORTATION,,,alliedcarhire@gmail.com,,UTB/RTT/TO/2023/100720
All in Africa Safaris,,,info@allinafricasafaris.com,allinafricasafaris.com,UTB/RTT/TO/2021/001063
Alpha Rent a Car,,,alphabetarentals@gmail.com,,UTB/RTT/TO/2022/100301
AMATSIKO TOURS,,,amatsikotoursandtravel@gmail.com,,UTB/RTT/TO/2025/101531
AMITY SAFARIS,,,info@amitysafaris.com,amitysafaris.com,UTB/RTT/TO/2025/101969
ANEMEL TOURS AND TRAVEL LIMITED,,,info@anemeltours.com,anemeltours.com,UTB/RTT/TO/2025/101649
Ancient Africa Safaris,,,info@ancientafricasafaris.com,ancientafricasafaris.com,UTB/RTT/TO/2022/100628
Angara Tours and Travel Company,,,info@angaratours.com,angaratours.com,UTB/RTT/TO/2022/100350
Antique Safari Adventures,,,antiquesadventures@gmail.com,,UTB/RTT/TO/2023/100736
APES BOOKING VACATIONS,,,info@apesbookingvacations.com,apesbookingvacations.com,UTB/RTT/TO/2024/100973
Ape Treks,,,info@apetreks.com,apetreks.com,UTB/RTT/TO/2022/100225
AROMA HOLIDAYS,,,aromaholdings4@gmail.com,,UTB/RTT/TO/2024/101133
Around Africa Safaris,,,reservations@aroundafricasafari.com,aroundafricasafari.com,UTB/RTT/TO/2019/00129
Asyanut Safaris & Incentives,,,info@mice-uganda.com,mice-uganda.com,UTB/RTT/TO/2021/00329
AUGUST VOYAGE SAFARIS,,,augustvoyagesafaris@gmail.com,,UTB/RTT/TO/2024/101259
Aura Safaris Africa,,,Albert@Aurasafaisafrica.com,aurasafaisafrica.com,UTB/RTT/TO/2022/100619
BAHEKA TRAVELS,,,bahekatravel@gmail.com,,UTB/RTT/TO/2023/100709
Bamboo Ecotours,,,info@bambooecotours.com,bambooecotours.com,UTB/RTT/TO/2022/100224
BANURA SAFARIS UGANDA,,,info@banurasafaris.com,banurasafaris.com,UTB/RTT/TO/2023/100822
BANYWANI SAFARIS UGANDA,,,info@banywanisafaris.com,banywanisafaris.com,UTB/RTT/TO/2024/101269
BERENGEI AFRICA SAFARIS,,,info@berengeiafricasafaris.com,berengeiafricasafaris.com,UTB/RTT/TO/2025/101854
Best Of Africa Adventures Limited,,,info@bestofafricaadventures.com,bestofafricaadventures.com,UTB/RTT/TO/2022/100161
B&H RAFIKI TOURS LIMITED,,,director@bhrafikitours.com,bhrafikitours.com,UTB/RTT/TO/2025/101722
Bic Tours Limited,,,info@bic-tours.com,bic-tours.com,UTB/RTT/TO/2020/00372
BIG APES AFRICA,,,bigapesafrica@gmail.com,,UTB/RTT/TO/2022/100330
BIGODI AFRICA EXPEDITIONS,,,info@bigodiafricaexpeditions.com,bigodiafricaexpeditions.com,UTB/RTT/TO/2024/101181
BIG PREDATORS TOURS,,,info@bigpredatorstours.com,bigpredatorstours.com,UTB/RTT/TO/2023/100819
BIGTEN SAFARIS LIMITED,,,info@bigtensafarisuganda.com,bigtensafarisuganda.com,UTB/RTT/TO/2022/100482
BLACKSMITH SAFARIS,,,kakandelawrence555@gmail.com,,UTB/RTT/TO/2025/102148
BLUE ADVENTURE SAFARI,,,blueadventuresncampers@gmail.com,,UTB/RTT/TO/2022/100420
BONOBOS AFRICAN SAFARI HOLIDAYS,,,bonobosafricansafariholidays@gmail.com,,UTB/RTT/TO/2024/101031
Borassus Safaris,,,info@borassussafaris.com,borassussafaris.com,UTB/RTT/TO/2023/100702
Broadbill Safaris,,,info@broadbillsafaris.com,broadbillsafaris.com,UTB/RTT/TO/2021/001042
Bespoke Excursions,,,davistushabe@gmail.com,,UTB/RTT/TO/2024/101080
Buffalo Safari Camps,,,info@buffalosafaricamps.com,buffalosafaricamps.com,UTB/RTT/TO/2019/00401
Bujuku Eco Tours & Travel Ltd,,,info@bujukuecotours.com,bujukuecotours.com,UTB/RTT/TO/2022/100300
Bushcraft Safaris,,,info@bushcraftsafaris.com,bushcraftsafaris.com,UTB/RTT/TO/2025/101744
Bushman Safaris `,,,info@bushmansafaris.com,bushmansafaris.com,UTB/RTT/TO/2019/00437
Bush-shrike Adventures,,,bushshrikeadventures@gmail.com,,UTB/RTT/TO/2022/100304
Buyaga Safaris,,,buyagasafarisafrica@gmail.com,,UTB/RTT/TO/2019/00441
CANAAN TRAVELS,,,info@canaantravels.com,canaantravels.com,UTB/RTT/TO/2021/00787
CANDREM EXPEDITIONS TOURS AND TRAVEL,,,candremugandaholidays@gmail.com,,UTB/RTT/TO/2024/101213
Canyon Safaris Uganda,,,canyonsafaris@gmail.com,,UTB/RTT/TO/2025/101838
CERTRIFFIC TOURS,,,kisitudenis9@gmail.com,,UTB/RTT/TO/2025/101879
CHAUFFER'S ON TRAVEL,,,info@chauffersontravel.com,chauffersontravel.com,UTB/RTT/TO/2023/100910
Cheetah Safaris Uganda,,,robert@cheetahafricasafaris.com,cheetahafricasafaris.com,UTB/RTT/TO/2019/00240
Chigo Tours Africa Limited,,,info@chigotours.com,chigotours.com,UTB/RTT/TO/2019/0079
CHRISTOPHER AUSTRIA SAFARIS,,,chris@chrisaustria.com,chrisaustria.com,UTB/RTT/TO/2023/100773
Clarks Travels Limited,,,info@clarkstravel.co.ug,clarkstravel.co.ug,UTB/RTT/TO/2020/00237
Classic Africa Safaris (U) Limited,,,mel@classicafricasafaris.travel,classicafricasafaris.travel,UTB/RTT/TO/2019/002
Climax Nature Experience,,,info@climaxnature.com,climaxnature.com,UTB/RTT/TO/2022/100335
COBALT TOURS & TRAVEL LTD,,,info@cobalttoursandtravel.com,cobalttoursandtravel.com,UTB/RTT/TO/2024/101322
CRAZY CRATER TOURS,,,info@crazytoursuganda.com,crazytoursuganda.com,UTB/RTT/TO/2024/101452
Cream Tours and Safaris,,,info@creamtoursandsafaris.com,creamtoursandsafaris.com,UTB/RTT/TO/2021/100070
MAGICAL HIKING TOURS & SAFARIS,,,info@cristalsafaris.com,cristalsafaris.com,UTB/RTT/TO/2023/100693
CROSS SECTOR TOURS LTD,,,info@crosssectortours.com,crosssectortours.com,UTB/RTT/TO/2024/101184
Cul Tours & Safaris Limited,,,info@cultoursandsafaris.com,cultoursandsafaris.com,UTB/RTT/TO/2021/00348
Darlington safaris,,,info@darlingtonsafaris.com,darlingtonsafaris.com,UTB/RTT/TO/2025/101940
Dav Safari,,,davsafaris@gmail.com,,UTB/RTT/TO/2022/100510
Decade Tours,,,decadeinvestment@gmail.com,,UTB/RTT/TO/2025/102121
DEKS SAFARIS AND TOURS,,,info@dekstours.com,dekstours.com,UTB/RTT/TO/2023/100716
Devine African Safaris Ltd,,,devinesafaris@gmail.com,,UTB/RTT/TO/2022/100408
DESTINATION NOMAD AFRICA DNA,,,dna.karamojatour@gmail.com,,UTB/RTT/TO/2025/101921
DGE TOURS AND TRAVEL,,,dgeugltd@gmail.com,,UTB/RTT/TO/2025/101759
Dolwe Safaris,,,dolwesafarisltd@gmail.com,,UTB/RTT/TO/2021/100127
Dutchess Tours,,,info@dutchessuganda.com,dutchessuganda.com,UTB/RTT/TO/2022/100548
Dyloz Tours,,,reservations@dyloztours.com,dyloztours.com,UTB/RTT/TO/2025/102009
EAGLE TOURS AND TRAVEL SERVICES,,,info@eagletoursandtravel.com,eagletoursandtravel.com,UTB/RTT/TO/2024/101171
East African Safaris Limited,,,eastafricansafarislimited@gmail.com,,UTB/RTT/TO/2022/100302
Nature Trails East Africa,,,info@eastafricantrails.com,eastafricantrails.com,UTB/RTT/TO/2020/00500
Echuya adventures,,,echuyaadventures@gmail.com,,UTB/RTT/TO/2023/100812
ELEGANT AFRICA TRAVELS,,,elegantafricatravels@gmail.com,,UTB/RTT/TO/2023/100745
ELYSON ADVENTURES,,,info@elysonadventures.com,elysonadventures.com,UTB/RTT/TO/2023/100697
Emburara Safaris,,,marketing@emburarasafaris.com,emburarasafaris.com,UTB/RTT/TO/2021/00636
ENASHIPAI TOURS AND SAFARIS LIMITED,,,enashipaitoursandsafaris@gmail.com,,UTB/RTT/TO/2025/102049
Enchanted Uganda Safaris,,,info@enchantedugandasafaris.com,enchantedugandasafaris.com,UTB/RTT/TO/2022/100321
ENCHANTING EXPERIENCES,,,enchantingexperiences03@gmail.com,,UTB/RTT/TO/2024/101090
ENGERO TOURS LIMITED,,,janemarykabanza@gmail.com,,UTB/RTT/TO/2026/102306
ENGOOBE ADVENTURES,,,info@engoobeadventures.com,engoobeadventures.com,UTB/RTT/TO/2023/100829
ENGOZI SAFARIS UGANDA,,,booking@engozisafarisuganda.com,engozisafarisuganda.com,UTB/RTT/TO/2022/100581
ENVUBU AFRICAN SAFARIS,,,trips@envubuafricansafaris.com,envubuafricansafaris.com,UTB/RTT/TO/2025/102079
Equatorial Wild Safaris,,,office@equatorialwildsafaris.com,equatorialwildsafaris.com,UTB/RTT/TO/2023/100781
ESHANDE SAFARI'S,,,eshandesafaris@gmail.com,,UTB/RTT/TO/2025/101635
EXPERIYA TOURS,,,experiyatourcompany@gmail.com,,UTB/RTT/TO/2024/101258
EVERYTHING UGANDA,,,shamsa@tekjuice.co.uk,tekjuice.co.uk,UTB/RTT/TO/2026/102264
EXPEDIA safaris Uganda,,,okalebo.mai@gmail.com,,UTB/RTT/TO/2026/102249
Expedite Wildlife Tours,,,info@expeditewildlifetours.com,expeditewildlifetours.com,UTB/RTT/TO/2024/101153
Adventure Expeditions Ltd,,,info@expeditionsuganda.com,expeditionsuganda.com,UTB/RTT/TO/2019/00261
Experience Uganda Travel Limited,,,info@experienceuganda.com,experienceuganda.com,UTB/RTT/TO/2020/00365
Explora Journeys Africa,,,explorajourneysafrica@gmail.com,,UTB/RTT/TO/2025/102031
Explore Africa Safaris,,,contact@exploreafrica-safaris.com,exploreafrica-safaris.com,UTB/RTT/TO/2019/00541
TEENS AND TOTS SAFARIS LTD,,,reservationsteensntotssafaris@gmail.com,,UTB/RTT/TO/2025/101833
Experence The Farm Tours,,,info@farmtoursug.com,farmtoursug.com,UTB/RTT/TO/2025/101909
FIRANTE GORILLA TREKS COMPANY,,,travel@firategorillatreks.com,firategorillatreks.com,UTB/RTT/TO/2025/101599
Florius Safari's Adventure,,,info@floriussafariadventure.com,floriussafariadventure.com,UTB/RTT/TO/2022/100141
FRANK TOURS UGANDA,,,info@franktoursuganda.com,franktoursuganda.com,UTB/RTT/TO/2024/100977
FRENA ADVENTURES,,,info@frenaadventures.com,frenaadventures.com,UTB/RTT/TO/2023/100840
Freundlich Safaris Uganda,,,freunlich333@gmail.com,,UTB/RTT/TO/2025/101884
GALÈNÈ HOLIDAYS AFRICA LIMITED,,,galeneholidaysafrica@gmail.com,,UTB/RTT/TO/2025/101820
GAP TRAVELS,,,gap.travelsuganda@gmail.com,,UTB/RTT/TO/2024/101141
Gazelle Safari Company Limited,,,info@gazellesafaricompany.com,gazellesafaricompany.com,UTB/RTT/TO/2019/00235
GIRRAFFE SIGHTS AFRICA,,,gsightsafrica@gmail.com,,UTB/RTT/TO/2022/100341
GISHA AFRICA SAFARIS UGANDA,,,gishafreighter@gmail.com,,UTB/RTT/TO/2025/102091
GLORY SUMMIT TOURS AND TRAVEL,,,glorysummithotel@gmail.com,,UTB/RTT/TO/2023/100738
GOEXPLORE SAFARIS,,,hello@goexploresafaris.com,goexploresafaris.com,UTB/RTT/TO/2021/100027
Go Further 4x4 Car Rentals Limited,,,info@gofurther4x4carrental.com,gofurther4x4carrental.com,UTB/RTT/TO/2025/101626
Go Gorilla Trekking Limited,,,office@gogorillatrekking.com,gogorillatrekking.com,UTB/RTT/TO/2025/101655
1000 Shades of Green Tours and Safari Company Limited,,,info@gogreensafari.com,gogreensafari.com,UTB/RTT/TO/2022/100310
GONJA SAFARIS,,,info@gonjasafaris.com,gonjasafaris.com,UTB/RTT/TO/2023/100824
F N gorilla Safaris Africa Limited,,,info@gorilla-tours-uganda.com,gorilla-tours-uganda.com,UTB/RTT/TO/2023/100641
Encounter Africa Safaris,,,info@gorilla-tracking-uganda.com,gorilla-tracking-uganda.com,UTB/RTT/TO/2020/00161
Gorilla and Adventure Safaris,,,tours@gorillaandadventuresafaris.com,gorillaandadventuresafaris.com,UTB/RTT/TO/2019/00191
GORILLA EXPLORERS,,,gorillaexplorers@gmail.com,,UTB/RTT/TO/2025/101736
GORILLA JUNCTION,,,info@gorillajunction.com,gorillajunction.com,UTB/RTT/TO/2022/100506
GORILLA LEAGUE SAFARIS,,,gorillaleague2025@gmail.com,,UTB/RTT/TO/2025/101935
Gorilla Link Tours,,,info@gorillalinktoursafrica.com,gorillalinktoursafrica.com,UTB/RTT/TO/2020/00521
Gorilla Mist Safaris,,,info@gorillamistsafaris.com,gorillamistsafaris.com,UTB/RTT/TO/2024/101279
Gorilla Page Safaris,,,info@gorillapagesafaris.com,gorillapagesafaris.com,UTB/RTT/TO/2024/100959
Gorilla Consultants,,,enquiries@gorillasafariconsultants.com,gorillasafariconsultants.com,UTB/RTT/TO/2022/100184
Gorilla Safari Experts,,,info@gorillasafariexperts.com,gorillasafariexperts.com,UTB/RTT/TO/2019/0047
Gorilla Safaris Uganda,,,info@gorillasafaris-uganda.com,gorillasafaris-uganda.com,UTB/RTT/TO/2022/100372
Gorillas and Wildlife Safaris,,,info@gorillasandwildlifesafaris.com,gorillasandwildlifesafaris.com,UTB/RTT/TO/2021/00318
Destinations African Gorilla Limited,,,info@gorillasdestinationafrica.com,gorillasdestinationafrica.com,UTB/RTT/TO/2020/00310
Gorilla Tour Booking Safaris,,,info@gorillatourbooking.com,gorillatourbooking.com,UTB/RTT/TO/2021/00560
Gorilla Tours,,,postmaster@gorillatours.com,gorillatours.com,UTB/RTT/TO/2021/001009
Gorilla Trek Africa,,,info@gorillatrekafrica.com,gorillatrekafrica.com,UTB/RTT/TO/2022/100340
Rwizi Africa Expeditions,,,anankunda@gmail.com,,UTB/RTT/TO/2023/100690
Adventure in the Wild Safaris,,,info@gorillaugandasafaris.com,gorillaugandasafaris.com,UTB/RTT/TO/2022/100203
Embrace Africa Gorilla Vacation,,,gorillavacations@gmail.com,,UTB/RTT/TO/2022/100392
GOWILD FOREVER JOURNEYS LTD,,,gowildforeverjourneys@gmail.com,,UTB/RTT/TO/2025/101907
Gracelands African Vacations,,,info@gracelandsvacations.com,gracelandsvacations.com,UTB/RTT/TO/2022/100150
Great Adventures Uganda,,,info@greatadventuresafaris.com,greatadventuresafaris.com,UTB/RTT/TO/2022/100288
Green World Safaris,,,info@greenworldsafaris.com,greenworldsafaris.com,UTB/RTT/TO/2022/100256
GTD Afrika Tours Limited,,,gtdafrika@gmail.com,,UTB/RTT/TO/2025/101799
Gyaviira pilgrimage tours and travel LTD,,,robertssembajjwe47@gmail.com,,UTB/RTT/TO/2024/101268
Hail Tours (U) Ltd,,,hailtoursuganda@gmail.com,,UTB/RTT/TO/2020/00450
HAMSSES TOURS AND TRAVEL,,,hamssestours@gmail.com,,UTB/RTT/TO/2024/101082
HARAMBEE GORILLA SAFARIS,,,harambeegorillasafaris@gmail.com,,UTB/RTT/TO/2025/101646
HARAM TRAVELS,,,haramtravelcoltd@gmail.com,,UTB/RTT/TO/2025/101868
Hare Rangers Adventure,,,harerangesadventure@gmail.com,,UTB/RTT/TO/2024/101457
HARTEBEEST TOURS & TRAVELS,,,info@hartebeesttoursandtravels.com,hartebeesttoursandtravels.com,UTB/RTT/TO/2024/101401
HEART OF AFRICA ADVENTURES,,,heartofafricaadventures5@gmail.com,,UTB/RTT/TO/2024/101463
Heritage Explorers Uganda Limited,,,ahmeds@heritagexplorers.com,heritagexplorers.com,UTB/RTT/TO/2023/100761
HIGE SAFARIS,,,services@higesafaris.com,higesafaris.com,UTB/RTT/TO/2025/102118
HIKE NATURE SAFARIS,,,travel@hikenaturesafaris.com,hikenaturesafaris.com,UTB/RTT/TO/2023/100861
Hoopoe African Expeditions,,,info@hoopoeafricanexpeditions.com,hoopoeafricanexpeditions.com,UTB/RTT/TO/2023/100631
Hospitable Africa Tours,,,info@hospitableafricatourstravel.com,hospitableafricatourstravel.com,UTB/RTT/TO/2022/100563
Hotana Safaris Ltd,,,hello@hotanasafaris.com,hotanasafaris.com,UTB/RTT/TO/2024/101106
Hugu Hugu Adventures,,,contact@huguhuguadventures.com,huguhuguadventures.com,UTB/RTT/TO/2019/00242
HUKO SAFARIS LTD,,,eriqmuwanika@gmail.com,,UTB/RTT/TO/2024/101033
Hygiene Tours and Travel,,,info@hygieneconsultants.net,hygieneconsultants.net,UTB/RTT/TO/2026/102209
Ibanga Expeditions,,,ibangaexpeditions@gmail.com,,UTB/RTT/TO/2025/101688
Ichumu Safaris Africa,,,info@ichumusafarisafricaltd.com,ichumusafarisafricaltd.com,UTB/RTT/TO/2024/101087
IKIYA PRIMATE SAFARIS,,,info@ikiyaprimatesafaris.com,ikiyaprimatesafaris.com,UTB/RTT/TO/2024/101249
Impala Safaris (U) Limited,,,impalacarhireservices@yahoo.com,,UTB/RTT/TO/2019/00367
Inkende Voyages,,,info@inkendevoyages.com,inkendevoyages.com,UTB/RTT/TO/2024/101354
Irembo safaris,,,toursstephen@gmail.com,,UTB/RTT/TO/2022/100235
Irembo Holidays,,,iremboholidays@gmail.com,,UTB/RTT/TO/2019/0030
Isitoshe Tours and Travel,,,isitoshetoursuganda@gmail.com,,UTB/RTT/TO/2023/100707
ITTIBA TRAVELS,,,ittibatravels25@gmail.com,,UTB/RTT/TO/2025/102056
JACKAL ADVENTURES LTD,,,info@jackalwildadventures.com,jackalwildadventures.com,UTB/RTT/TO/2024/101304
Jerodi Africa Safari,,,info@jerodiafricasafari.com,jerodiafricasafari.com,UTB/RTT/TO/2024/101273
Jewel Safaris Limited,,,info@jewelsafaris.com,jewelsafaris.com,UTB/RTT/TO/2019/00311
JIMNAT GORILLA TOURS,,,info@jimnatgorillatours.com,jimnatgorillatours.com,UTB/RTT/TO/2025/101554
JM JUNGLE SAFARIS,,,jmjunglesafaris@gmail.com,,UTB/RTT/TO/2023/100868
Johnnie Uganda Safaris,,,info@johnnieugandasafaris.com,johnnieugandasafaris.com,UTB/RTT/TO/2022/100311
Jomert Gorilla Safaris Ltd,,,jomertgorillasafaris@gmail.com,,UTB/RTT/TO/2022/100515
JONAH SAFARIS,,,jonahsafaris@gmail.com,,UTB/RTT/TO/2024/101204
JOURNEY MAKERS AFRICA,,,journeymakersafrica@gmail.com,,UTB/RTT/TO/2025/101707
Journeys Uganda,,,info@journeysuganda.com,journeysuganda.com,UTB/RTT/TO/2022/100285
JUNGLE JUNCTION,,,info@junglejunctionltd.com,junglejunctionltd.com,UTB/RTT/TO/2023/100817
African Jungle Adventures.,,,info@junglesafarisuganda.com,junglesafarisuganda.com,UTB/RTT/TO/2022/100243
Justice Tourism Foundation,,,info@justicetourism.co.ug,justicetourism.co.ug,UTB/RTT/TO/2024/101265
Kabarole Tours & Safari Limited,,,info@kabarole-tours.com,kabarole-tours.com,UTB/RTT/TO/2022/100365
Kagacyclingsafaris,,,kagacyclingsafarisltd@gmail.com,,UTB/RTT/TO/2024/101028
Kagera Safaris,,,info@kagerasafaris.com,kagerasafaris.com,UTB/RTT/TO/2019/00136
KAJAGYI FALLS GORILLA,,,ug.kajagyigorillatours@gmail.com,,UTB/RTT/TO/2024/101424
Kajie Safaris Limited,,,info@kajiesafaris.com,kajiesafaris.com,UTB/RTT/TO/2022/100238
KAJU GLOBAL TOURS,,,info@kajuglobal.com,kajuglobal.com,UTB/RTT/TO/2024/101298
Kampala Walking Tours,,,info@kampalawalkingtours.com,kampalawalkingtours.com,UTB/RTT/TO/2019/00107
KATELLA UGANDA SAFARIS LTD,,,info@katellaugandasafaris.com,katellaugandasafaris.com,UTB/RTT/TO/2022/100221
Katona Tours and Travel,,,info@katonatours.com,katonatours.com,UTB/RTT/TO/2022/100435
KATSAM ADVENTURES,,,info@katsam-adventures.com,katsam-adventures.com,UTB/RTT/TO/2023/100914
Kawira Safaris Ltd,,,holidays@kawirasafaris.net,kawirasafaris.net,UTB/RTT/TO/2024/101164
Kazinga Tours Limited,,,mail@kazingatours.com,kazingatours.com,UTB/RTT/TO/2019/0019
Kazinga channel ventures,,,kcsafari@yahoo.com,,UTB/RTT/TO/2024/101139
Kanzira Discovery,,,ugankanziradiscovery@gmail.com,,UTB/RTT/TO/2024/101056
Kenlink Tours and Travel Limited,,,info@kenlinktoursandtravel.com,kenlinktoursandtravel.com,UTB/RTT/TO/2020/0040
K&G Tours and Travel,,,kgestablishments@gmail.com,,UTB/RTT/TO/2025/101606
Kibo Slopes Uganda Limited,,,kampala@kiboslopes.com,kiboslopes.com,UTB/RTT/TO/2019/0092
Kigere Tours,,,companysafaris@gmail.com,,UTB/RTT/TO/2019/00137
KIGEZI BIOTA TOURS,,,kigezibiotatours@gmail.com,,UTB/RTT/TO/2019/00219
Kikooko Africa Safaris,,,warren@kikooko.travel,kikooko.travel,UTB/RTT/TO/2022/100593
KINGDOM ADVENTURES LTD,,,kingdomadventures2024@gmail.com,,UTB/RTT/TO/2025/101908
Kisoro Tours Uganda Limited,,,info@kisorotoursuganda.com,kisorotoursuganda.com,UTB/RTT/TO/2022/100214
KITARA WILDLIFE ADVENTURE SAFARIS,,,info@kitarawildlifeadventures.com,kitarawildlifeadventures.com,UTB/RTT/TO/2024/101214
Kripton Safaris Uganda Limited,,,info@kriptonsafaris.co,kriptonsafaris.co,UTB/RTT/TO/2025/101896
KURIKAYO AFRICA ADVENTURES,,,kurikayoafricaadventures@gmail.com,,UTB/RTT/TO/2025/101513
KUWEPO TRIPS,,,kuwepotrip@hotmail.com,,UTB/RTT/TO/2025/101970
Kyamba Safaris Limited,,,info@kyambasafaris.com,kyambasafaris.com,UTB/RTT/TO/2025/101842
KYOMOLE ADVENTURES,,,info@kyomoleadventures.com,kyomoleadventures.com,UTB/RTT/TO/2025/101936
Laba Africa Expedition,,,info@labaafrica.com,labaafrica.com,UTB/RTT/TO/2020/00594
LA REAL TRAVELS COMPANY LIMITED,,,info@lareal.co.ug,lareal.co.ug,UTB/RTT/TO/2026/102235
Lasendle Afrika,,,info@lasendleafrika.com,lasendleafrika.com,UTB/RTT/TO/2022/100531
SANYOG GUPTA VOYAGES,,,info@lastaevents.com,lastaevents.com,UTB/RTT/TO/2025/101893
Lifetime Experience Safaris,,,info@lifetimesafari.com,lifetimesafari.com,UTB/RTT/TO/2021/100031
Livingstone Safaris,,,info@livingstonesafaris.org,livingstonesafaris.org,UTB/RTT/TO/2022/100343
LocalMotion Safaris LTD,,,info@localmotionsafaris.com,localmotionsafaris.com,UTB/RTT/TO/2025/101987
Lulu Safaris,,,info@lulusafarisuganda.com,lulusafarisuganda.com,UTB/RTT/TO/2022/100624
LUOVA EXPERIENCES,,,bookings@luovaexperiences.com,luovaexperiences.com,UTB/RTT/TO/2025/102032
Magical Gorilla Adventures,,,info@magicalgorillaadventures.com,magicalgorillaadventures.com,UTB/RTT/TO/2023/100931
Mahanda Africa Safaris.,,,info@mahandasafaris.com,mahandasafaris.com,UTB/RTT/TO/2020/00674
MAKALI SAFARIS LIMITED,,,info@makalisafaris.com,makalisafaris.com,UTB/RTT/TO/2024/101366
Malachite Tour and Travel,,,malachitetravel@gmail.com,,UTB/RTT/TO/2022/100428
Mamaland Safaris,,,info@mamalandsafaris.com,mamalandsafaris.com,UTB/RTT/TO/2021/00567
Mambo gorilla safaris Uganda,,,info@mambogorillasafarisuganda.com,mambogorillasafarisuganda.com,UTB/RTT/TO/2023/100777
MANDELA SAFARI HOLIDAYS,,,info@mandelasafariholidays.com,mandelasafariholidays.com,UTB/RTT/TO/2022/100517
Manya Africa Tours,,,info@manyaafricatours.com,manyaafricatours.com,UTB/RTT/TO/2020/00104
Premier Safaris Limited,,,marasa@marasa.net,marasa.net,UTB/RTT/TO/2025/101942
MARVEL GORILLA ADVENTURE,,,kikabiherbert7@gmail.com,,UTB/RTT/TO/2024/101404
MASAVU-MASAVU TOURS AND TRAVEL,,,masavumasavutoursandtravel@gmail.com,,UTB/RTT/TO/2025/102122
Matunda Tours,,,info@matundatours.com,matundatours.com,UTB/RTT/TO/2024/101397
Mega Wild Safaris Limited,,,megawildsafaris@gmail.com,,UTB/RTT/TO/2022/100509
MIOMBO SAFARIS,,,social@miombosafaris.com,miombosafaris.com,UTB/RTT/TO/2025/101971
MIRAMA HILLS SAFARI'S,,,info@miramahillssafaris.com,miramahillssafaris.com,UTB/RTT/TO/2022/100403
MIZUBE TOURS AND TRAVEL,,,Info@mizubetours.com,mizubetours.com,UTB/RTT/TO/2023/100635
Mj Safaris Uganda,,,info@mjsafarisuganda.com,mjsafarisuganda.com,UTB/RTT/TO/2019/00423
Monkey O'clock,,,info@monkey-oclock.com,monkey-oclock.com,UTB/RTT/TO/2022/100532
Moroka Expeditions Limited,,,info@morokaexpeditions.com,morokaexpeditions.com,UTB/RTT/TO/2023/100821
Mugenyi Eco Tours,,,info@mugenyi-eco-tours.com,mugenyi-eco-tours.com,UTB/RTT/TO/2024/101294
Mukisa Safaris Uganda,,,info@mukisasafarisuganda.com,mukisasafarisuganda.com,UTB/RTT/TO/2022/100231
MUMWE AFRICAN SKIMMER SAFARIS LIMITED,,,mumwesafarisuganda@gmail.com,,UTB/RTT/TO/2025/101920
MUNDA AFRICA ADVENTURES LTD,,,info@mundaafrica.com,mundaafrica.com,UTB/RTT/TO/2025/101615
MUNO GORILLA SAFARIS LTD,,,info@munogorillatours.com,munogorillatours.com,UTB/RTT/TO/2025/101641
Musana Tours & Travel,,,info@musanatoursandtravel.com,musanatoursandtravel.com,UTB/RTT/TO/2022/100180
MWITU TOURS AND TRAVEL,,,info@mwittutours.org,mwittutours.org,UTB/RTT/TO/2025/101945
Myler Africa Safaris,,,bookings@mylerafricasafaris.com,mylerafricasafaris.com,UTB/RTT/TO/2020/00797
Mystic Adventures,,,info@mysticadventuresug.com,mysticadventuresug.com,UTB/RTT/TO/2022/100537
My Trip 2 Africa Tours,,,info@mytrip2africatours.com,mytrip2africatours.com,UTB/RTT/TO/2024/101069
Nahan's Safaris,,,info@nahansafarisug.com,nahansafarisug.com,UTB/RTT/TO/2022/100277
NAKRA SAFARIS UGANDA-SMC LIMITED,,,info@nakrasafarisuganda.com,nakrasafarisuganda.com,UTB/RTT/TO/2023/100683
Nalia Adventures,,,ishaqkibuukamuniina@gmail.com,,UTB/RTT/TO/2025/101903
Naseeb safaris (U) Limited,,,info@naseebsafarisuganda.com,naseebsafarisuganda.com,UTB/RTT/TO/2023/100922
NATURE CONNECT SAFARIS,,,info@natureconnectsafarisuganda.com,natureconnectsafarisuganda.com,UTB/RTT/TO/2022/100377
NATURE RESPONSIBLE SAFARI UGANDA,,,info@natureresponsiblesafaris-uganda.com,natureresponsiblesafaris-uganda.com,UTB/RTT/TO/2023/100668
Nature Safari Focus,,,info@naturesafarifocus.com,naturesafarifocus.com,UTB/RTT/TO/2022/100530
Nature Wild Africa,,,naturewildafrica@gmail.com,,UTB/RTT/TO/2023/100881
NECHABEST SUSTAINABLE ADVENTURES,,,Info@nechabest.com,nechabest.com,UTB/RTT/TO/2026/102347
NEXTO INVESTMENT COMPANY LIMITED,,,info@nextgensafaris.com,nextgensafaris.com,UTB/RTT/TO/2025/101835
Next trip safaris,,,nexttripssafaria@gmail.com,,UTB/RTT/TO/2025/101943
Ngoni Safaris Uganda Limited,,,info@ngonisafarisuganda.com,ngonisafarisuganda.com,UTB/RTT/TO/2020/00457
NIRVANA SAFARIS,,,nirvanasafaris@gmail.com,,UTB/RTT/TO/2024/101373
Nkorongo Safaris,,,nkorongosafarislimited@gmail.com,,UTB/RTT/TO/2025/101953
Nkuringo Safaris Limited,,,lydia@nkuringosafaris.com,nkuringosafaris.com,UTB/RTT/TO/2019/00142
Nomad footprint safaris,,,info@nomadfootprintsafaris.com,nomadfootprintsafaris.com,UTB/RTT/TO/2026/102362
Nsavi Safaris,,,info@nsavisafaris.com,nsavisafaris.com,UTB/RTT/TO/2022/100162
NTALE SAFARIS,,,info@ntalesafaris.com,ntalesafaris.com,UTB/RTT/TO/2025/101648
NTEBEKO TOURS,,,info@ntebekotours.com,ntebekotours.com,UTB/RTT/TO/2023/100877
NYUMBU BEYOND JOURNEYS,,,safaritrail@nyumbujourneys.com,nyumbujourneys.com,UTB/RTT/TO/2024/101308
NZAINO TRAVEL AFRICA,,,nzainotravelafricaltd@gmail.com,,UTB/RTT/TO/2024/101336
Nziza Hospitality,,,reservations@nzizahospitality.com,nzizahospitality.com,UTB/RTT/TO/2020/00479
Okapi Voyage,,,christiangafaranga@gmail.com,,UTB/RTT/TO/2025/101924
OKWEZI SAFARIS,,,reservations@okwezisafaris.com,okwezisafaris.com,UTB/RTT/TO/2024/101488
ONE MORE ADVENTURE SAFARIS,,,onemoreadventuresafaris@gmail.com,,UTB/RTT/TO/2023/100845
OPENBILL SAFARIS UGANDA,,,openbillsafarisuagnda@gmail.com,,UTB/RTT/TO/2026/102199
Oree Safaris,,,info@oreesafaris.com,oreesafaris.com,UTB/RTT/TO/2022/100284
Ostafrika Safaris,,,info@ostafrikasafaris.com,ostafrikasafaris.com,UTB/RTT/TO/2023/100863
Ovacado Adventures,,,info@ovacadoadventures.com,ovacadoadventures.com,UTB/RTT/TO/2019/0096
Paramount Expeditions Tours,,,info@paramountgorilla.com,paramountgorilla.com,UTB/RTT/TO/2025/101960
PawMac Tour and Safaris,,,pawmacsafaris@gmail.com,,UTB/RTT/TO/2025/101867
Peak Cruise Safaris Limited,,,peakcruisesafaris@gmail.com,,UTB/RTT/TO/2019/003
Pearl Afric Tour and Travel Uganda,,,info@pearlafric.com,pearlafric.com,UTB/RTT/TO/2019/00241
PEARL GLAMPING SAFARIS LIMITED,,,tmotse04@gmail.com,,UTB/RTT/TO/2025/101819
Pearl Gorilla Tracking Expeditions,,,info@pearlgorilla.com,pearlgorilla.com,UTB/RTT/TO/2023/100701
PEARL NATURE HOLIDAYS AND SAFARIS,,,info@pearlnatureholidays.com,pearlnatureholidays.com,UTB/RTT/TO/2023/100679
Pelican Tours and Travel,,,pelicantours@gmail.com,,UTB/RTT/TO/2024/101148
Pinnacle Africa,,,sales@pinnacle.africa,pinnacle.africa,UTB/RTT/TO/2020/00417
Pride Nature Safaris (U) Limited,,,info@pridenaturesafaris.com,pridenaturesafaris.com,UTB/RTT/TO/2019/00238
Primate Expeditions Limited,,,info@primateexpeditions.info,primateexpeditions.info,UTB/RTT/TO/2019/0051
Primate Link Safaris,,,info@primatelinksafaris.com,primatelinksafaris.com,UTB/RTT/TO/2020/00644
Primate Safari Experiences,,,info@primatesafaris.com,primatesafaris.com,UTB/RTT/TO/2020/00692
Primate World Safaris (U) Limited,,,info@primateworldsafaris.com,primateworldsafaris.com,UTB/RTT/TO/2020/00375
Private Trip,,,info@privatetripuganda.com,privatetripuganda.com,UTB/RTT/TO/2022/100163
Promote Uganda Safaris,,,info@kampalasightseeing.com,kampalasightseeing.com,UTB/RTT/TO/2019/00266
PUMBA ADVENTURES TOURS AND TRAVEL,,,info@pumbaadventures.com,pumbaadventures.com,UTB/RTT/TO/2023/100632
Nile River Explorers,,,rafting@raftafrica.com,raftafrica.com,UTB/RTT/TO/2021/100118
Raft Uganda,,,info@raftuganda.com,raftuganda.com,UTB/RTT/TO/2019/0013
Range Land Safaris,,,rangelandsafaris@gmail.com,,UTB/RTT/TO/2020/00227
RAW AFRICA ECO TOURS,,,rawafricatourism@gmail.com,,UTB/RTT/TO/2022/100578
Red Dirt Uganda,,,thies@reddirtuganda.com,reddirtuganda.com,UTB/RTT/TO/2022/100282
Cresco Safaris,,,rinnomoekidepovalley@gmail.com,,UTB/RTT/TO/2020/00664
Ripple Safaris Limited,,,info@ripplesafaris.com,ripplesafaris.com,UTB/RTT/TO/2024/101347
RISO AFRICAN SAFARIS,,,info@risogorillaafricansafaris.com,risogorillaafricansafaris.com,UTB/RTT/TO/2025/101948
ROADS OF ADVENTURE SAFARIS,,,info@roadsofadventuresafaris.com,roadsofadventuresafaris.com,UTB/RTT/TO/2025/101998
Roadtrip Uganda Limited,,,info@roadtripafrica.com,roadtripafrica.com,UTB/RTT/TO/2021/00400
ROHIMO TOURS AND SAFARIS,,,rohimotours@gmail.com,,UTB/RTT/TO/2021/100000
Rorena Tours and Safaris,,,rorenatoursandsafaris21@yahoo.com,,UTB/RTT/TO/2021/100067
ROTIM GORILLA TOUR AND TRAVEL CO. LTD,,,rotimgorillatour@gmail.com,,UTB/RTT/TO/2025/101834
ROYALE VOYAGE AND SAFARIS,,,royalesafaris@gmail.com,,UTB/RTT/TO/2026/102276
RUHUUKA TRAVELS,,,info@ruhuukatravels.com,ruhuukatravels.com,UTB/RTT/TO/2025/102024
RUMARA SAFARIS,,,rumarasafaris@gmail.com,,UTB/RTT/TO/2022/100508
Rustic Expeditions Ltd,,,info@rustic-expeditions.com,rustic-expeditions.com,UTB/RTT/TO/2024/101280
RWAKABUNGA SAFARIS,,,info@rwakabungasafaris.com,rwakabungasafaris.com,UTB/RTT/TO/2026/102189
Rwenjura Tours and Travel,,,info@rwenjuratoursandtravel.com,rwenjuratoursandtravel.com,UTB/RTT/TO/2022/100229
The Uganda Safari Company,,,info@safariuganda.com,safariuganda.com,UTB/RTT/TO/2021/00584
SAFARI UGANDA,,,kontakt@safariuganda.de,safariuganda.de,UTB/RTT/TO/2022/100262
Safari with Edris,,,info@safariwithedris.com,safariwithedris.com,UTB/RTT/TO/2022/100250
SANDFIELD TRAVEL,,,info@sandfieldtravel.com,sandfieldtravel.com,UTB/RTT/TO/2023/100654
SAVANNAH EXPLORE AFRICA,,,info@savannahexploreltd.com,savannahexploreltd.com,UTB/RTT/TO/2026/102318
Scenic Luxury Vacation,,,scenicluxuryvacation@gmail.com,,UTB/RTT/TO/2022/100316
SEERODI TOUR AND TRAVEL,,,seeroditourstravel@gmail.com,,UTB/RTT/TO/2026/102190
selam holidays,,,selamholidays@gmail.com,,UTB/RTT/TO/2025/101939
Sense of Africa (Uganda) Limited,,,info@senseofafrica.co.ug,senseofafrica.co.ug,UTB/RTT/TO/2020/00203
Shemeza Safari Escapes,,,info@shemezaasafariescapes.com,shemezaasafariescapes.com,UTB/RTT/TO/2025/101937
SHOEBILL SAFARIS,,,tours@shoebillsafaris.com,shoebillsafaris.com,UTB/RTT/TO/2022/100356
SHON TOURS AND TRAVEL,,,shontoursandtravel@gmail.com,,UTB/RTT/TO/2023/100805
Siiru Tours and Travel,,,siirutourstravel@gmail.com,,UTB/RTT/TO/2024/100944
SILVERBACK GORILLA SAFARIS & RESORT,,,byarseith2012@gmail.com,,UTB/RTT/TO/2022/100252
Maseke Adventure,,,info@silverbackwildadventures.com,silverbackwildadventures.com,UTB/RTT/TO/2025/101536
SIYABONGE TOURS & TRAVEL CO. LTD,,,info@siyabongetoursandtravel.com,siyabongetoursandtravel.com,UTB/RTT/TO/2025/102007
SKYWAY EXPEDITIONS,,,info@skywayexpeditions.ug,skywayexpeditions.ug,UTB/RTT/TO/2022/100402
SNOWFIELD TREKS UGANDA,,,snowfieltrekssafaris@gmail.com,,UTB/RTT/TO/2025/101523
SOUL CITY VACATIONS TOURS AND TRAVEL,,,info@soulcityvacations.com,soulcityvacations.com,UTB/RTT/TO/2024/101365
Speke Uganda Holidays.,,,admin@spekeugandaholidays.com,spekeugandaholidays.com,UTB/RTT/TO/2021/00368
SPINE PEARL SAFARIS LIMTED,,,info@spinesafaris.com,spinesafaris.com,UTB/RTT/TO/2025/102025
Standard Safaris,,,standardsafaris@gmail.com,,UTB/RTT/TO/2022/100382
Steadfast Safaris and Tours Limited,,,info@steadfastsafaris.com,steadfastsafaris.com,UTB/RTT/TO/2022/100144
Summit Fever Expeditions,,,info@summitfeverexped.com,summitfeverexped.com,UTB/RTT/TO/2023/100664
Sun Africa Expeditions,,,ddamulira@sunafricaexpeditions.com,sunafricaexpeditions.com,UTB/RTT/TO/2019/00133
Super Shuttle Tours and Adventures,,,supershutleinternational@gmail.com,,UTB/RTT/TO/2023/100880
SEVERIN UGANDA TOURS AND TRAVEL,,,andwaanahok@gmail.com,,UTB/RTT/TO/2023/100833
SUUBI SAFARIS AND TOURS,,,suubisafaris@gmail.com,,UTB/RTT/TO/2024/101043
Tales of Africa Safaris,,,safaris@talesofafricasafaris.com,talesofafricasafaris.com,UTB/RTT/TO/2022/100182
TANGAARA SAFARIS,,,info@tangaarasafaris.com,tangaarasafaris.com,UTB/RTT/TO/2023/100789
Terrace Uganda Safaris,,,info@terracesafaris.com,terracesafaris.com,UTB/RTT/TO/2021/100056
TFH Destination Management,,,admin@tfhdestinationmanagement.com,tfhdestinationmanagement.com,UTB/RTT/TO/2022/100347
African Encounters Limited,,,theafricanencounters22@gmail.com,,UTB/RTT/TO/2022/100489
Lionking Safaris Uganda,,,info@thelionkingsafaris.com,thelionkingsafaris.com,UTB/RTT/TO/2021/001044
SUNSET ADVENTURES,,,safaris@thesunsetadventures.com,thesunsetadventures.com,UTB/RTT/TO/2023/100900
IVAN GORILLA NOMAD SAFARIS,,,gorillanomadsafaris@gmail.com,,UTB/RTT/TO/2025/101946
Thousand Hills Expeditions Uganda Limited,,,uganda@thousandhillsexpeditions.com,thousandhillsexpeditions.com,UTB/RTT/TO/2021/00384
T&M GLOBAL VENTURES,,,info@tmglobalventures.com,tmglobalventures.com,UTB/RTT/TO/2025/102087
Topi Tours,,,reservations@topitours.info,topitours.info,UTB/RTT/TO/2021/00982
TOUR DE CHANNEL AFRICAN SAFARIS,,,mosesbyaruhanga123@gmail.com,,UTB/RTT/TO/2026/102203
Traccar Safaris,,,info@traccarsafaris.com,traccarsafaris.com,UTB/RTT/TO/2024/101257
Kiboko Africa Safaris,,,kafricasafaris@gmail.com,,UTB/RTT/TO/2022/100253
TRAFORD SAFARIS LTD,,,info@trafordsafaris.com,trafordsafaris.com,UTB/RTT/TO/2024/101303
TTN Safari East Africa,,,info@travel-to-nature-uganda.com,travel-to-nature-uganda.com,UTB/RTT/TO/2022/100135
JALIA TOURS AND TRAVEL,,,travel@jalia.city,jalia.city,UTB/RTT/TO/2025/101709
Travulous,,,info@travulous.com,travulous.com,UTB/RTT/TO/2024/101172
Trekking Timmy,,,trekwithtim@trekkingtimmy.com,trekkingtimmy.com,UTB/RTT/TO/2019/0015
TREKMAN SAFARIS AND LOGISTICS LTD,,,info@trekmansafaris.com,trekmansafaris.com,UTB/RTT/TO/2024/100992
Venture Treks and Safaris,,,info@treksandsafaris.com,treksandsafaris.com,UTB/RTT/TO/2022/100188
Trevor Tour Safaris Africa,,,info@trevortoursafaris.com,trevortoursafaris.com,UTB/RTT/TO/2020/00600
TUBALE SAFARIS,,,info@tubalesafaris.com,tubalesafaris.com,UTB/RTT/TO/2022/100598
TMU RAFTING,,,tmurafting@gmail.com,,UTB/RTT/TO/2025/101579
TURAKOLI WILD SAFARIS,,,turakoliwildsafaris@gmail.com,,UTB/RTT/TO/2024/101061
Turigye Tours and Travels,,,turigyetours@gmail.com,,UTB/RTT/TO/2025/101556
Tukana Wild Safaris,,,turkanawildlifesafaris@gmail.com,,UTB/RTT/TO/2024/101295
TUSANGAIRE,,,jennifer.nantale@tusangaire.com,tusangaire.com,UTB/RTT/TO/2024/101490
UBUMWE TOURS AND TRAVEL,,,info@ubumwegorillatours.com,ubumwegorillatours.com,UTB/RTT/TO/2025/101855
UBUNTU UGANDA JOURNEYS,,,ubuntu10@gmail.com,,UTB/RTT/TO/2024/101120
Faraja Africa Foundation,,,ecocamp@farajaafricafdn.org,farajaafricafdn.org,UTB/RTT/TO/2025/101905
Adventure Boda Boda Tours Uganda,,,info@ugadventure-safaris.com,ugadventure-safaris.com,UTB/RTT/TO/2022/100274
Uganda Wildlife Safaris,,,info@uganda-wildlife-safaris.com,uganda-wildlife-safaris.com,UTB/RTT/TO/2019/0039
UGANDA SAFARIS AND EXCURSION,,,info@ugandaadventures.com,ugandaadventures.com,UTB/RTT/TO/2023/100734
Africa Tours Adventure,,,info@ugandagorillassafari.com,ugandagorillassafari.com,UTB/RTT/TO/2021/100024
Motorcycle Adventures Uganda,,,ugandamotorbikes@gmail.com,,UTB/RTT/TO/2021/100133
Lake Side Tours and Travels Limited,,,lakesidetoursandtravel@gmail.com,,UTB/RTT/TO/2022/100339
Uganda Safari Chapter,,,info@ugandasafarichapter.com,ugandasafarichapter.com,UTB/RTT/TO/2021/00100
African Roots Vacation,,,africanrootsv@gmail.com,,UTB/RTT/TO/2022/100314
Uganda Wildlife Scene LTD.,,,info@ugandawildlifescene.com,ugandawildlifescene.com,UTB/RTT/TO/2022/100567
Uhuru Adventures Limited,,,uhuruadventureslimited@gmail.com,,UTB/RTT/TO/2023/100860
UNTAMED WILDERNESS TRAVEL,,,untamedwildernesstravel@gmail.com,,UTB/RTT/TO/2024/101458
UNTERWEGS SAFARIS & TRAVEL LTD,,,info@unterwegssafaris.com,unterwegssafaris.com,UTB/RTT/TO/2024/101423
UNZIP AFRICA LIMITED,,,ivan@unzipafrica.com,unzipafrica.com,UTB/RTT/TO/2025/101778
Uriel,,,urieltoursandtravel@gmail.com,,UTB/RTT/TO/2024/100994
Active African Vacations Limited,,,info@vacation-safaris.com,vacation-safaris.com,UTB/RTT/TO/2020/0091
Valiant Safaris,,,info@valiantsafaris.com,valiantsafaris.com,UTB/RTT/TO/2021/00239
Vamos Tours and Travel,,,70.pascal@gmail.com,,UTB/RTT/TO/2023/100782
VAS SAFARIS,,,info@vastransportug.com,vastransportug.com,UTB/RTT/TO/2022/100534
Venture Uganda Travel,,,l.harris@ventureuganda.org,ventureuganda.org,UTB/RTT/TO/2019/00134
Viavia Adventures,,,traveluganda@viavia.world,viavia.world,UTB/RTT/TO/2024/101062
Violet Safaris Limited,,,violetsafarislimited@gmail.com,,UTB/RTT/TO/2019/00472
VIRUNGA ADVENTURE TOURS,,,Info@virungaadventures.com,virungaadventures.com,UTB/RTT/TO/2022/100324
Volcanoes Safaris Limited,,,enquiries@volcanoessafaris.com,volcanoessafaris.com,UTB/RTT/TO/2020/00145
Voyage Africa Eco-expeditions,,,voyageafricaecoexpeditionsug@gmail.com,,UTB/RTT/TO/2025/102011
Wagatil Safaris,,,info@wagatilsafaris.com,wagatilsafaris.com,UTB/RTT/TO/2024/101379
WALTERS TOURS UGANDA,,,walterstoursuganda@gmail.com,,UTB/RTT/TO/2023/100650
WARBLER TRAILS,,,warblertrails@gmail.com,,UTB/RTT/TO/2024/101349
WE TOUR AFRICA SAFARIS,,,info@wetourafricasafaris.com,wetourafricasafaris.com,UTB/RTT/TO/2025/101925
WHALEBILL TREKS AFRICA,,,whalebilltreks@gmail.com,,UTB/RTT/TO/2025/101856
LAMBULA WILD ADVENTURES,,,info@wildadventures.ug,wildadventures.ug,UTB/RTT/TO/2022/100283
Outback Adventure Safaris,,,info@wildadventuresafaris.com,wildadventuresafaris.com,UTB/RTT/TO/2020/00125
WILD BREEZE SAFARIS,,,inquiries@wildbreezesafaris.com,wildbreezesafaris.com,UTB/RTT/TO/2022/100516
Wild Celebrations Africa,,,wildcelebrationsafrica@gmail.com,,UTB/RTT/TO/2025/101962
BLAISE WILD ESCAPE SAFARIS,,,wildescapesafaris@gmail.com,,UTB/RTT/TO/2024/101288
Wild Expeditions Uganda,,,wildexpeditionsug@gmail.com,,UTB/RTT/TO/2021/00983
Wild Frontiers Uganda Safaris,,,info@wildfrontiers-uganda.com,wildfrontiers-uganda.com,UTB/RTT/TO/2019/00123
Wild Gallery Safaris,,,info@wildgallerysafaris.com,wildgallerysafaris.com,UTB/RTT/TO/2022/100190
WILDHEART AFRICAN SAFRAIS,,,info@wildheartsafarisafrica.com,wildheartsafarisafrica.com,UTB/RTT/TO/2024/101218
Wild Jungle Trails Limited,,,tours@wildjungletrails.com,wildjungletrails.com,UTB/RTT/TO/2022/100218
WILDLIFE ENCOUNTERS,,,info@wildlife-encounters.com,wildlife-encounters.com,UTB/RTT/TO/2023/100649
Wildlife Adventure Safaris,,,contact@wildlifeadventureuganda.com,wildlifeadventureuganda.com,UTB/RTT/TO/2022/100363
Wildmist Adventures,,,info@wildmistadventures.com,wildmistadventures.com,UTB/RTT/TO/2024/101079
PICK WILD SAFARIS UGANDA LIMITED,,,info@wildsafarisuganda.com,wildsafarisuganda.com,UTB/RTT/TO/2023/100681
Wild Travel Safaris,,,info@wildtravelsafaris.com,wildtravelsafaris.com,UTB/RTT/TO/2022/100437
Wild Untouched Adventure,,,info@away2uganda.com,away2uganda.com,UTB/RTT/TO/2022/100232
Wild Visit Uganda,,,info@wildvisituganda.com,wildvisituganda.com,UTB/RTT/TO/2023/100737
WOODCAMP ADVENTURES,,,info@woodcampadventures.com,woodcampadventures.com,UTB/RTT/TO/2025/102163
WORLD BLOSSOM SAFARIS LTD,,,info@worldblossomsafari.com,worldblossomsafari.com,UTB/RTT/TO/2023/100644
XA Gorilla Safaris,,,info@xagorillasafaris.com,xagorillasafaris.com,UTB/RTT/TO/2024/101143
Yako Africa,,,info@yakoafrica.com,yakoafrica.com,UTB/RTT/TO/2022/100626
Yala Safaris (U) Limited.,,,info@yalasafarisuganda.com,yalasafarisuganda.com,UTB/RTT/TO/2020/00408
YATIRIM AFRICA,,,yatirimafrica@gmail.com,,UTB/RTT/TO/2025/101839
Yobu Adventures Uganda Limited,,,info@yobuadventures.com,yobuadventures.com,UTB/RTT/TO/2023/100876
YoFiMai Adventures Uganda,,,yofimai256@gmail.com,,UTB/RTT/TO/2025/101598
ZAZU AFRICA SAFARIS,,,info@zazuafricasafaris.com,zazuafricasafaris.com,UTB/RTT/TO/2024/101066
ZEM SAFARIS UGANDA,,,zzirabae@gmail.com,,UTB/RTT/TO/2025/102041
ZAMUNDA TRAVELS UGANDA,,,info@zamundatravels.com,zamundatravels.com,UTB/RTT/TO/2026/102299
Zerimas Safaris,,,info@zerimasafaris.com,zerimasafaris.com,UTB/RTT/TO/2025/101539
